Наименование;Тип тендера;Цена;До;Регион;Отрасль
Капитальный ремонт здания крытого бассейна по адресу Ростовская область г Таганрог ул Ленина;Конкурс;96280300;01.03.2021;Ростовская область Южный ФО Таганрог;Строительство недвижимость и архитектура Ремонтные и строительные работы;;
ЖКХ Право заключения договора управления многоквартирным домом по адресу Ростовская обл Таганрог г Чехова ул;Конкурс;16;15.02.2021;Ростовская область Южный ФО Таганрог;Строительство недвижимость и архитектура Недвижимость;;
ЖКХ Право заключения договора управления многоквартирным домом по адресу Ростовская обл Таганрог г Маршала Жукова ул;Конкурс;21;15.02.2021;Ростовская область Южный ФО Таганрог;Строительство недвижимость и архитектура Недвижимость;;
ЖКХ Право заключения договора управления многоквартирным домом по адресу Ростовская обл Таганрог г Донской пер;Конкурс;16;15.02.2021;Ростовская область Южный ФО Таганрог;Строительство недвижимость и архитектура Недвижимость;;
ЖКХ Право заключения договора управления многоквартирным домом по адресу Ростовская обл Таганрог г Свободы ул;Конкурс;17;15.02.2021;Ростовская область Южный ФО Таганрог;Строительство недвижимость и архитектура Недвижимость;;
ЖКХ Право заключения договора управления многоквартирным домом по адресу Ростовская обл Таганрог г Шевченко ул;Конкурс;16;15.02.2021;Ростовская область Южный ФО Таганрог;Строительство недвижимость и архитектура Недвижимость;;
ЖКХ Право заключения договора управления многоквартирным домом по адресу Ростовская обл Таганрог г Нестерова ул;Конкурс;21;15.02.2021;Ростовская область Южный ФО Таганрог;Строительство недвижимость и архитектура Недвижимость;;
Государственно частное партнерство соглашения о ГЧП МЧП концессионные соглашения Предложение инвестора Трамвайная сеть совокупность технологически связанного недвижимого и движимого имущества предназначенного для осуществления Перевозки;Конкурс;не указано;24.02.2021;Ростовская область Южный ФО Таганрог;Строительство недвижимость и архитектура Недвижимость;;
Ассоциация Евросибирская саморегулируемая организация арбитражных управляющих объявляет тендер Продажа имущества должника Права требования ООО Белый Двор Т в размере руб руб основной долг руб расходы по оплате госпошлины подтверждаемые определением Арбитражного суда Ростовской области от г по делу А вступившим в законную силу г к Коммерческому Банку Союзный ООО ОГРН ИНН г Москва ул Бабаевская д признанного несостоятельным банкротом и находящегося в процедуре конкурсного производства дело А Требования в размере руб включены в состав основного долга третьей очереди реестра требований кредиторов КБ Союзный ООО требования в размере руб расходов по оплате госпошлины учтены в составе текущих платежей КБ Союзный ООО С документами на дебиторскую задолженность можно ознакомиться у конкурсного управляющего по предварительной записи тел;Аукцион;11273252;10.03.2021;Ростовская область Южный ФО Таганрог;Бизнес финансы страхование маркетинг и реклама Банковское дело;;
Ассоциация Межрегиональная саморегулируемая организация арбитражных управляющих объявляет тендер Продажа имущества должника доля в уставном капитале ООО Торговый дом Донской колос ИНН Доп информацию об имуществе ознакомление с предметом торгов об условиях подачи заявок и участия в торгах по адресу г Ростов на Дону пер Гвардейский д по предварительному согласованию по тел или Дебиторская задолженность права требования ООО Бином Д перечень дебиторов и сумм задолженности в сообщении о проведении торгов на ЕФРСБ права требования подтверждены частично Доп информацию об имуществе ознакомление с предметом торгов об условиях подачи заявок и участия в торгах по адресу г Ростов на Дону пер Гвардейский д по предварительному согласованию по тел или;Аукцион;54375653;09.03.2021;Ростовская область Южный ФО Таганрог;Бизнес финансы страхование маркетинг и реклама Банковское дело;;
Ассоциация саморегулируемая организация Объединение арбитражных управляющих Лидер объявляет тендер Продажа имущества должника торги по продаже имущества супруги должника Лот Помещение нежилое Кладовая Адрес Ростов на Дону ул Волкова комната этаж Площадь кв м Собственник Немова Елена Николаевна Кадастровый номер Данных о наличии либо отсутствии обременений и арестов в отношении имущества не имеется;Аукцион;120000;25.03.2021;Ростовская область Южный ФО Таганрог;Строительство недвижимость и архитектура Недвижимость;;
Ассоциация Евросибирская саморегулируемая организация арбитражных управляющих объявляет тендер Продажа имущества должника Автомобиль г в Оборудование в составе Оборудование для переработки отходов пленки ПЭ и ПП в том числе Линия для очистки отходов пленки ПЭ и ПП Конвеер загрузки пленки в дробилку Дробилка образный шнековый загрузчик Емкость образный шнековый загрузчик Дробилка образный шнековый загрузчик Емкость Сушка Линия грануляции Оборудование в составе Экструзионная линия для производсва ПЭВД пленки в составе Экструдер для производства ПЭВД пленки модель Двухсторонний намотчик с автоматической сменой рулонов Устройство контроля края пленки Модуль контроля натяжения пленки Модуль вращения экструзионной головки Экструзионная головка диаметром мм для производства термоусадочной пленки Недвижимое имущество в составе Цех по переработке полиэтилена Площадь кв м Кадастровый номер Адрес Ростовская область г Таганрог Мариупольское шоссе г Склад Площадь кв м Кадастровый номер Адрес Ростовская область г Таганрог Мариупольское шоссе г Склад кормов Площадь кв м Кадастровый номер Адрес Ростовская область г Таганрог Мариупольское шоссе г Земельный участок Категория земель Земли населенных пунктов Разрешенное использование Под иными объектами специального назначения Площадь кв м Кадастровый номер Адрес Ростовская область г Таганрог Мариупольское шоссе г;Аукцион;12831000;03.03.2021;Ростовская область Южный ФО Таганрог;Строительство недвижимость и архитектура Недвижимость;;
Ассоциация Межрегиональная саморегулируемая организация арбитражных управляющих объявляет тендер Продажа имущества должника Нежилое помещение Вид права Собственность Тип объекта помещение Этаж подвал Номера на поэтажном плане Кадастровый номер Площадь кв м Адрес г Таганрог пер Каркасный Земельный участок Вид права Долевая собственность Доля в праве Земли населенных пунктов Назначение Для эксплуатации магазина Хозтовары Кадастровый номер Общая площадь кв м Адрес г Таганрог пер Каркасный;Аукцион;2197964;02.03.2021;Ростовская область Южный ФО Таганрог;Строительство недвижимость и архитектура Недвижимость;;
Ассоциация МСОПАУ Ассоциация Московская саморегулируемая организация профессиональных арбитражных управляющих объявляет тендер Продажа имущества должника Дополнительная информация о предмете торгов звонить с до по московскому времени;Аукцион;1151000;20.02.2021;Ростовская область Южный ФО Таганрог;Строительство недвижимость и архитектура;;
Ассоциация Евросибирская саморегулируемая организация арбитражных управляющих объявляет тендер Продажа имущества должника Автомобиль г в Автомобиль г в Разукомплектован отсутствует двигатель АКПП радиаторы и другие блоки Оборудование в составе Оборудование для переработки отходов пленки ПЭ и ПП в том числе Линия для очистки отходов пленки ПЭ и ПП Конвеер загрузки пленки в дробилку Дробилка образный шнековый загрузчик Емкость образный шнековый загрузчик Дробилка образный шнековый загрузчик Емкость Сушка Линия грануляции Оборудование в составе Экструзионная линия для производсва ПЭВД пленки в составе Экструдер для производства ПЭВД пленки модель Двухсторонний намотчик с автоматической сменой рулонов Устройство контроля края пленки Модуль контроля натяжения пленки Модуль вращения экструзионной головки Экструзионная головка диаметром мм для производства термоусадочной пленки Недвижимое имущество в составе Цех по переработке полиэтилена Площадь кв м Кадастровый номер Адрес Ростовская область г Таганрог Мариупольское шоссе г Склад Площадь кв м Кадастровый номер Адрес Ростовская область г Таганрог Мариупольское шоссе г Склад кормов Площадь кв м Кадастровый номер Адрес Ростовская область г Таганрог Мариупольское шоссе г Земельный участок Категория земель Земли населенных пунктов Разрешенное использование Под иными объектами специального назначения Площадь кв м Кадастровый номер Адрес Ростовская область г Таганрог Мариупольское шоссе г;Аукцион;14439181;22.02.2021;Ростовская область Южный ФО Таганрог;Транспорт Автомобили автотранспорт автобусы прицепы;;
Ассоциация Межрегиональная саморегулируемая организация арбитражных управляющих объявляет тендер Продажа имущества должника Бытовка строительная Сведения об имуществе осмотр имущества можно получить отправив запрос на и по тел и по адресу г Таганрог ул Бакинская А в рабочие дни с до ВАЗ Х г в цвет темно вишневый С гос рег знак Е ОС Сведения об имуществе осмотр имущества можно получить отправив запрос на и по тел и по адресу г Таганрог ул Бакинская А в рабочие дни с до ВАЗ г в цвет ярко белый гос рег знак Т НК Сведения об имуществе осмотр имущества можно получить отправив запрос на и по тел и по адресу г Таганрог ул Бакинская А в рабочие дни с до Шевроле Нива г в цвет кузова белый полное наименование цвета светло серебристый металлик гос рег знак О СР Сведения об имуществе осмотр имущества можно получить отправив запрос на и по тел и по адресу г Таганрог ул Бакинская А в рабочие дни с до КАМАЗ З г в синего цвета гос рег знак Н СХ Сведения об имуществе осмотр имущества можно получить отправив запрос на и по тел и по адресу г Таганрог ул Бакинская А в рабочие дни с до ГАЗ г в белого цвета гос рег знак Е СУ Сведения об имуществе осмотр имущества можно получить отправив запрос на и по тел и по адресу г Таганрог ул Бакинская А в рабочие дни с до ГАЗ г в В белого цвета гос рег знак Х ОЕ Сведения об имуществе осмотр имущества можно получить отправив запрос на и по тел и по адресу г Таганрог ул Бакинская А в рабочие дни с до Ниссан патфиндер г в цвет кузова белый полное наименование цвета серебристый гос рег знак Н РВ Сведения об имуществе осмотр имущества можно получить отправив запрос на и по тел и по адресу г Таганрог ул Бакинская А в рабочие дни с до Автобус ПАЗ А РТ тип автобус длиной от м до м г в М К белого цвета гос рег знак А РТ Сведения об имуществе осмотр имущества можно получить отправив запрос на и по тел и по адресу г Таганрог ул Бакинская А в рабочие дни с до ИМЯ М г в автобус длиной от м до м цвет кузова белый полное наименование цвета белый гос рег знак О СР Сведения об имуществе осмотр имущества можно получить отправив запрос на и по тел и по адресу г Таганрог ул Бакинская А в рабочие дни с до Автобус ИМЯ М г в тип автобус цвет кузова белый полное наименование цвета белый гос рег знак К СМ Сведения об имуществе осмотр имущества можно получить отправив запрос на и по тел и по адресу г Таганрог ул Бакинская А в рабочие дни с до Автомобиль бортовой с краном манипулятором КАМАЗ г в полное наименование цвета оранжевый Сведения об имуществе осмотр имущества можно получить отправив запрос на и по тел и по адресу г Таганрог ул Бакинская А в рабочие дни с до Кран автомобильный КС К специальный автокран г в категория С полное н;Аукцион;12350059;19.02.2021;Ростовская область Южный ФО Таганрог;Транспорт Автомобили автотранспорт автобусы прицепы;;
Изготовление печатной продукции бланки;Запрос котировок;12010;18.02.2021;Ростовская область Южный ФО Таганрог;Издательство полиграфия Печатные материалы;;
Поставка печатной продукции;Запрос котировок;77591;17.02.2021;Ростовская область Южный ФО Таганрог;Издательство полиграфия Печатные материалы;;
АКЦИОНЕРНОЕ ОБЩЕСТВО ТАГАНРОГСКИЙ ЗАВОД ПРИБОЙ объявляет тендер Оказание услуг по предоставлению канала передачи данных и организации канала сети;Запрос котировок;не указано;17.02.2021;Ростовская область Южный ФО Таганрог;компьютеры связь Услуги провайдеров хостинг прочие услуги;;
Право заключить договор на поставку полотна нетканого для нужд МБУЗ ГБСМП;Запрос котировок;94000;20.02.2021;Ростовская область Южный ФО Таганрог;Легкая промышленность Хозяйственные изделия;;
Рамки для оформления Благодарственных писем и Почетных грамот;Запрос котировок;51150;18.02.2021;Ростовская область Южный ФО Таганрог;Легкая промышленность Хозяйственные изделия;;
Рамки;Запрос котировок;29667;17.02.2021;Ростовская область Южный ФО Таганрог;Легкая промышленность Хозяйственные изделия;;
АКЦИОНЕРНОЕ ОБЩЕСТВО ТАГАНРОГСКИЙ МОРСКОЙ ТОРГОВЫЙ ПОРТ объявляет тендер капитальный ремонт автоматической коробки переключения передач Серия ТЕ Модификация АКПП автопогрузчика В инв;Запрос котировок;1800000;24.02.2021;Ростовская область Южный ФО Таганрог;Машиностроение Лифты и подъемно транспортное оборудование;;
АКЦИОНЕРНОЕ ОБЩЕСТВО ТАГАНРОГСКИЙ МОРСКОЙ ТОРГОВЫЙ ПОРТ объявляет тендер СЗЧ портального крана Альбатрос;Запрос котировок;940000;18.02.2021;Ростовская область Южный ФО Таганрог;Машиностроение Лифты и подъемно транспортное оборудование;;
Услуги по поверке аттестации калибровке оборудования;Запрос котировок;127863;17.02.2021;Ростовская область Южный ФО Таганрог;Машиностроение Ремонт обслуживание пуско наладочные работы;;
ОБЩЕСТВО С ОГРАНИЧЕННОЙ ОТВЕТСТВЕННОСТЬЮ ТАГАНРОГСКИЙ ЛИТЕЙНЫЙ ЗАВОД объявляет тендер Открытый запрос котировок в электронной форме на право заключения договора на поставку дизельного вилочного погрузчика грузоподъемностью не менее кг;Запрос котировок;1607742;17.02.2021;Ростовская область Южный ФО Таганрог;Машиностроение Лифты и подъемно транспортное оборудование;;
АКЦИОНЕРНОЕ ОБЩЕСТВО ТЕПЛОЭНЕРГЕТИЧЕСКОЕ ПРЕДПРИЯТИЕ ТЕПЛОВЫХ СЕТЕЙ ТЕПЛОЭНЕРГО объявляет тендер Поставка товара сервоприводы газа и воздуха;Запрос котировок;451980;15.02.2021;Ростовская область Южный ФО Таганрог;Машиностроение Котлостроение теплообменное оборудование;;
Поставка лекарственных препаратов и изделий медицинского назначения;Запрос котировок;384868;18.02.2021;Ростовская область Южный ФО Таганрог;Медицина фармакология Лекарственные препараты витамины расходные материалы;;
Услуги по производственному контролю;Запрос котировок;177597;15.02.2021;Ростовская область Южный ФО Таганрог;Медицина фармакология Медицинское оборудование обслуживание исследования;;
ПУБЛИЧНОЕ АКЦИОНЕРНОЕ ОБЩЕСТВО ТАГАНРОГСКИЙ АВИАЦИОННЫЙ НАУЧНО ТЕХНИЧЕСКИЙ КОМПЛЕКС ИМ Г М БЕРИЕВА объявляет тендер Поставка проката сортового нержававеющего;Запрос котировок;363428;25.02.2021;Ростовская область Южный ФО Таганрог;Металлы металлоизделия Металлоизделия и металлоконструкции;;
АКЦИОНЕРНОЕ ОБЩЕСТВО ТАГАНРОГСКИЙ МОРСКОЙ ТОРГОВЫЙ ПОРТ объявляет тендер поставка каната;Запрос котировок;220000;16.02.2021;Ростовская область Южный ФО Таганрог;Металлы металлоизделия Металлоизделия и металлоконструкции;;
ОБЩЕСТВО С ОГРАНИЧЕННОЙ ОТВЕТСТВЕННОСТЬЮ ТАГАНРОГСКИЙ ЛИТЕЙНЫЙ ЗАВОД объявляет тендер Запрос котировок в электронной форме участниками которого могут являться только субъекты малого и среднего предпринимательства на право заключения договора на поставку лома чугунного и отходов А ГОСТ;Запрос котировок;6600000;17.02.2021;Ростовская область Южный ФО Таганрог;Металлы металлоизделия Металлолом и металлообработка;;
ОБЩЕСТВО С ОГРАНИЧЕННОЙ ОТВЕТСТВЕННОСТЬЮ ТАГАНРОГСКИЙ ЛИТЕЙНЫЙ ЗАВОД объявляет тендер Запрос котировок в электронной форме участниками которого могут являться только субъекты малого и среднего предпринимательства на право заключения договора на поставку лома чугунного и отходов А ГОСТ;Запрос котировок;6600000;17.02.2021;Ростовская область Южный ФО Таганрог;Металлы металлоизделия Металлолом и металлообработка;;
ОБЩЕСТВО С ОГРАНИЧЕННОЙ ОТВЕТСТВЕННОСТЬЮ ТАГАНРОГСКИЙ ЛИТЕЙНЫЙ ЗАВОД объявляет тендер Запрос котировок в электронной форме участниками которого могут являться только субъекты малого и среднего предпринимательства на право заключения договора на поставку лома чугунного и отходов А ГОСТ;Запрос котировок;6600000;17.02.2021;Ростовская область Южный ФО Таганрог;Металлы металлоизделия Металлолом и металлообработка;;
ОБЩЕСТВО С ОГРАНИЧЕННОЙ ОТВЕТСТВЕННОСТЬЮ ТАГАНРОГСКИЙ ЛИТЕЙНЫЙ ЗАВОД объявляет тендер Запрос котировок в электронной форме участниками которого могут являться только субъекты малого и среднего предпринимательства на право заключения договора на поставку лома чугунного и отходов А ГОСТ;Запрос котировок;6600000;17.02.2021;Ростовская область Южный ФО Таганрог;Металлы металлоизделия Металлолом и металлообработка;;
ОБЩЕСТВО С ОГРАНИЧЕННОЙ ОТВЕТСТВЕННОСТЬЮ ТАГАНРОГСКИЙ ЛИТЕЙНЫЙ ЗАВОД объявляет тендер Запрос котировок в электронной форме участниками которого могут являться только субъекты малого и среднего предпринимательства на право заключения договора на поставку лома чугунного и отходов А ГОСТ;Запрос котировок;6600000;17.02.2021;Ростовская область Южный ФО Таганрог;Металлы металлоизделия Металлолом и металлообработка;;
АКЦИОНЕРНОЕ ОБЩЕСТВО ТАГАНРОГСКИЙ МОРСКОЙ ТОРГОВЫЙ ПОРТ объявляет тендер работы по техническому перевооружению опасного производственного объекта Комплекс перегрузки мазута на суда устройство на ж д эстакаде устройств для верхнего налива мазута в железнодорожные цистерны размыв нефтепродуктов в количестве шт;Запрос котировок;1708500;18.02.2021;Ростовская область Южный ФО Таганрог;Строительство недвижимость и архитектура Ремонтные и строительные работы;;
ОБЩЕСТВО С ОГРАНИЧЕННОЙ ОТВЕТСТВЕННОСТЬЮ ЮГСТРОЙМОНТАЖ объявляет тендер оказание услуг по инженерным изысканиям и осуществлению подготовки проектной документации в целях строительства реконструкции объектов капитального строительства;Запрос котировок;1250000;18.02.2021;Ростовская область Южный ФО Таганрог;Строительство недвижимость и архитектура Проектные работы геодезия картография инженерные изыскания кадастровые работы;;
АКЦИОНЕРНОЕ ОБЩЕСТВО ТАГАНРОГСКИЙ МОРСКОЙ ТОРГОВЫЙ ПОРТ объявляет тендер разработка Заключения о возможности и условиях безопасной постановки расчетного судов к причалу морского порта Таганрог корректировка текстовой части паспорта причала;Запрос котировок;180000;16.02.2021;Ростовская область Южный ФО Таганрог;Строительство недвижимость и архитектура Проектные работы геодезия картография инженерные изыскания кадастровые работы;;
АКЦИОНЕРНОЕ ОБЩЕСТВО ТАГАНРОГСКИЙ МОРСКОЙ ТОРГОВЫЙ ПОРТ объявляет тендер Заключения о возможности и условиях безопасной постановки расчетного судов к причалу морского порта Таганрог;Запрос котировок;180000;16.02.2021;Ростовская область Южный ФО Таганрог;Строительство недвижимость и архитектура Проектные работы геодезия картография инженерные изыскания кадастровые работы;;
АКЦИОНЕРНОЕ ОБЩЕСТВО ТАГАНРОГСКИЙ НАУЧНО ИССЛЕДОВАТЕЛЬСКИЙ ИНСТИТУТ СВЯЗИ объявляет тендер Поставка абразивов кругов листов шкурки карандаша;Запрос котировок;2000000;16.02.2021;Ростовская область Южный ФО Таганрог;Строительство недвижимость и архитектура Строительные материалы оборудование и инструменты;;
АКЦИОНЕРНОЕ ОБЩЕСТВО КРАСНЫЙ ГИДРОПРЕСС объявляет тендер Право заключения договора на проведение работ по дезинсекции дератизации и энтомологическому обследованию территории;Запрос котировок;153552;19.02.2021;Ростовская область Южный ФО Таганрог;Офис дом Услуги;;
Услуги по изготовлению полиграфической продукции;Запрос котировок;150000;17.02.2021;Ростовская область Южный ФО Таганрог;Офис дом Услуги;;
ПУБЛИЧНОЕ АКЦИОНЕРНОЕ ОБЩЕСТВО ТАГАНРОГСКИЙ АВИАЦИОННЫЙ НАУЧНО ТЕХНИЧЕСКИЙ КОМПЛЕКС ИМ Г М БЕРИЕВА объявляет тендер Поставка молока питьевого пастеризованного мдж объем л;Запрос котировок;4176000;19.02.2021;Ростовская область Южный ФО Таганрог;Продовольствие пищевая промышленность Продукты питания;;
Цветочная продукция;Запрос котировок;36180;16.02.2021;Ростовская область Южный ФО Таганрог;Сельское хозяйство Растениеводство;;
Оказание услуг по организации и проведению праздничного мероприятия посвященного всемирному дню охраны труда;Запрос котировок;57000;19.02.2021;Ростовская область Южный ФО Таганрог;Спорт отдых туризм Организация праздников и других мероприятий;;
Транспортировка пациентов страдающих хронической почечной недостаточностью от места фактического проживания до места получения медицинской помощи методом заместительной почечной терапии и обратно;Запрос котировок;497000;15.02.2021;Ростовская область Южный ФО Таганрог;Транспорт Транспортные услуги перевозки;;
Средства бытовой химии;Запрос котировок;11626;20.02.2021;Ростовская область Южный ФО Таганрог;Химия Бытовая химия;;
Средства бытовой химии;Запрос котировок;47812;19.02.2021;Ростовская область Южный ФО Таганрог;Химия Бытовая химия;;
Шары;Запрос котировок;31281;16.02.2021;Ростовская область Южный ФО Таганрог;Химия Химические элементы и соединения;;
Оказание охранных услуг;Электронный аукцион;69300;24.02.2021;Ростовская область Южный ФО Таганрог;Безопасность Охрана и оборудование;;
Услуги по специальной оценке условий труда;Электронный аукцион;211751;18.02.2021;Ростовская область Южный ФО Таганрог;Бизнес финансы страхование маркетинг и реклама Бухгалтерский учет оценка аудит;;
ИП Маляренко Алексей Владимирович объявляет тендер Торги в форме публичного предложения по реализации имущества ООО ИСК РАС Право требования к ООО РСС ОГРН ИНН в размере рублей согласно Определения Арбитражного суда Краснодарского края от г по делу А;Электронный аукцион;1632646;30.03.2021;Ростовская область Южный ФО Таганрог;Бизнес финансы страхование маркетинг и реклама Банковское дело;;
Знаки почтовой оплаты конверты маркированные и марки почтовые;Электронный аукцион;402755;24.02.2021;Ростовская область Южный ФО Таганрог;Бумажное производство тара и упаковка Бумажное производство;;
Поставка государственных знаков почтовой оплаты почтовые марки;Электронный аукцион;185900;17.02.2021;Ростовская область Южный ФО Таганрог;Бумажное производство тара и упаковка Бумажное производство;;
Оказание услуг по изготовлению бланочной продукции;Электронный аукцион;242742;20.02.2021;Ростовская область Южный ФО Таганрог;Издательство полиграфия Печатные материалы;;
Услуги по изданию журналов и периодических публикаций в печатном виде оказание услуг по подписке и доставке периодических печатных изданий на период с апреля по декабрь года;Электронный аукцион;92370;17.02.2021;Ростовская область Южный ФО Таганрог;Издательство полиграфия Книги журналы брошюры;;
Закупка услуги комплексного сервиса обеспечение функционирования регионального сегмента единой государственной информационной системы в сфере здравоохранения в Ростовской области РС ЕГИСЗ;Электронный аукцион;1442640;20.02.2021;Ростовская область Южный ФО Таганрог;компьютеры связь Программное обеспечение;;
Сопровождению электронного периодического справочника Система ГАРАНТ;Электронный аукцион;74872;20.02.2021;Ростовская область Южный ФО Таганрог;компьютеры связь Программное обеспечение;;
Услуги по ремонту офисного оборудования;Электронный аукцион;150000;19.02.2021;Ростовская область Южный ФО Таганрог;компьютеры связь Компьютеры комплектующие оргтехника сети и сетевое оборудование;;
Техническое обслуживание и текущий ремонт вычислительной техники;Электронный аукцион;175000;18.02.2021;Ростовская область Южный ФО Таганрог;компьютеры связь Компьютеры комплектующие оргтехника сети и сетевое оборудование;;
Услуги по заправке картриджей замене фотобарабана для лазерных принтеров МФУ;Электронный аукцион;47883;17.02.2021;Ростовская область Южный ФО Таганрог;компьютеры связь Компьютеры комплектующие оргтехника сети и сетевое оборудование;;
Поставка мягкого инвентаря полотенец;Электронный аукцион;61500;20.02.2021;Ростовская область Южный ФО Таганрог;Легкая промышленность Мягкий инвентарь и постельные принадлежности;;
Мягкий инвентарь;Электронный аукцион;184775;19.02.2021;Ростовская область Южный ФО Таганрог;Легкая промышленность Мягкий инвентарь и постельные принадлежности;;
Поставка мягкого инвентаря пододеяльники простыни наволочки;Электронный аукцион;164790;19.02.2021;Ростовская область Южный ФО Таганрог;Легкая промышленность Мягкий инвентарь и постельные принадлежности;;
Заключение договора на право поставки масок медицинских одноразовых для защиты органов дыхания в МБУЗ КДЦ в году;Электронный аукцион;280000;19.02.2021;Ростовская область Южный ФО Таганрог;Легкая промышленность Одежда и обувь;;
Заключение договора на право поставки изделий из нетканых материалов для нужд МБУЗ КДЦ в году;Электронный аукцион;159443;17.02.2021;Ростовская область Южный ФО Таганрог;Легкая промышленность Мягкий инвентарь и постельные принадлежности;;
ПУБЛИЧНОЕ АКЦИОНЕРНОЕ ОБЩЕСТВО ТАГАНРОГСКИЙ АВИАЦИОННЫЙ НАУЧНО ТЕХНИЧЕСКИЙ КОМПЛЕКС ИМ Г М БЕРИЕВА объявляет тендер Поставка деталей и или сборочных едениц по теме ВТАС для стенда к кт СНО для ВТАС к кт;Электронный аукцион;38055600;16.02.2021;Ростовская область Южный ФО Таганрог;Машиностроение Авиа и космическое машиностроение;;
ПУБЛИЧНОЕ АКЦИОНЕРНОЕ ОБЩЕСТВО ТАГАНРОГСКИЙ АВИАЦИОННЫЙ НАУЧНО ТЕХНИЧЕСКИЙ КОМПЛЕКС ИМ Г М БЕРИЕВА объявляет тендер Поставка деталей и или сборочных единиц по теме ВТАС для изд в количестве к кт СНО для ВТАС в количестве к кт;Электронный аукцион;22320000;16.02.2021;Ростовская область Южный ФО Таганрог;Машиностроение Авиа и космическое машиностроение;;
Право заключить договор на поставку лекарственных средств хлоргексидин для нужд МБУЗ ГБСМП;Электронный аукцион;975000;20.02.2021;Ростовская область Южный ФО Таганрог;Медицина фармакология Лекарственные препараты витамины расходные материалы;;
Поставка реактивов для КДЛ МБУЗ Родильный дом;Электронный аукцион;2384228;24.02.2021;Ростовская область Южный ФО Таганрог;Медицина фармакология Лекарственные препараты витамины расходные материалы;;
поставка вакцины против бешенства;Электронный аукцион;197447;20.02.2021;Ростовская область Южный ФО Таганрог;Медицина фармакология Лекарственные препараты витамины расходные материалы;;
Поставка экстемпорального средства нитрофурал;Электронный аукцион;57712;20.02.2021;Ростовская область Южный ФО Таганрог;Медицина фармакология Лекарственные препараты витамины расходные материалы;;
Поставка медицинского оборудования стол массажный;Электронный аукцион;138900;20.02.2021;Ростовская область Южный ФО Таганрог;Медицина фармакология Лекарственные препараты витамины расходные материалы;;
Поставка лекарственного препарата севофлуран;Электронный аукцион;626186;20.02.2021;Ростовская область Южный ФО Таганрог;Медицина фармакология Лекарственные препараты витамины расходные материалы;;
Поставка медицинского оборудования ванны бальнеологические;Электронный аукцион;1962100;20.02.2021;Ростовская область Южный ФО Таганрог;Медицина фармакология Лекарственные препараты витамины расходные материалы;;
Поставка лекарственных препаратов и изделий медицинского назначения не ЖНВЛП;Электронный аукцион;694904;20.02.2021;Ростовская область Южный ФО Таганрог;Медицина фармакология Лекарственные препараты витамины расходные материалы;;
Поставка медицинского оборудования рециркуляторов бактерицидных и очистителей воздуха;Электронный аукцион;737552;20.02.2021;Ростовская область Южный ФО Таганрог;Медицина фармакология Лекарственные препараты витамины расходные материалы;;
Поставка лекарственных препаратов;Электронный аукцион;261821;19.02.2021;Ростовская область Южный ФО Таганрог;Медицина фармакология Лекарственные препараты витамины расходные материалы;;
Поставка лекарственных препаратов антибиотики;Электронный аукцион;97908;19.02.2021;Ростовская область Южный ФО Таганрог;Медицина фармакология Лекарственные препараты витамины расходные материалы;;
Право заключить договор на поставку лекарственных средств амоксициллин клавулановая кислота для нужд МБУЗ ГБСМП;Электронный аукцион;504000;19.02.2021;Ростовская область Южный ФО Таганрог;Медицина фармакология Лекарственные препараты витамины расходные материалы;;
Поставка лекарственных препаратов для медицинского применения мази лечебные;Электронный аукцион;5760;18.02.2021;Ростовская область Южный ФО Таганрог;Медицина фармакология Лекарственные препараты витамины расходные материалы;;
Поставка лекарственных препаратов для медицинского применения мази лечебные;Электронный аукцион;46440;18.02.2021;Ростовская область Южный ФО Таганрог;Медицина фармакология Лекарственные препараты витамины расходные материалы;;
Поставка лекарственных препаратов для медицинского применения мази лечебные;Электронный аукцион;170496;18.02.2021;Ростовская область Южный ФО Таганрог;Медицина фармакология Лекарственные препараты витамины расходные материалы;;
Право заключить договор на поставку лекарственных средств апротинин для нужд МБУЗ ГБСМП;Электронный аукцион;1027000;18.02.2021;Ростовская область Южный ФО Таганрог;Медицина фармакология Лекарственные препараты витамины расходные материалы;;
Поставка лекарственных препаратов;Электронный аукцион;790502;18.02.2021;Ростовская область Южный ФО Таганрог;Медицина фармакология Лекарственные препараты витамины расходные материалы;;
Поставка расходных материалов бахилы;Электронный аукцион;20400;18.02.2021;Ростовская область Южный ФО Таганрог;Медицина фармакология Лекарственные препараты витамины расходные материалы;;
Поставка лекарственных препаратов и изделий медицинского назначения ЖНВЛП;Электронный аукцион;968102;18.02.2021;Ростовская область Южный ФО Таганрог;Медицина фармакология Лекарственные препараты витамины расходные материалы;;
Поставка лекарственных препаратов и изделий медицинского назначения ЖНВЛП;Электронный аукцион;660823;18.02.2021;Ростовская область Южный ФО Таганрог;Медицина фармакология Лекарственные препараты витамины расходные материалы;;
Поставка сантехнических материалов для нужд МБУЗ Родильный дом на г;Электронный аукцион;13125;20.02.2021;Ростовская область Южный ФО Таганрог;Металлы металлоизделия Металлоизделия и металлоконструкции;;
Поставка сантехнических материалов для нужд МБУЗ Родильный дом на г;Электронный аукцион;226054;20.02.2021;Ростовская область Южный ФО Таганрог;Металлы металлоизделия Металлоизделия и металлоконструкции;;
Оказание услуг по периодической поверке медицинского оборудования;Электронный аукцион;132974;17.02.2021;Ростовская область Южный ФО Таганрог;Наука исследования образование Услуги;;
Оказание образовательных услуг по дополнительному профессиональному образованию безработных граждан по программе повышения квалификации Складской учет с использованием программы С Управление торговлей;Электронный аукцион;83233;17.02.2021;Ростовская область Южный ФО Таганрог;Наука исследования образование Услуги;;
Оказание образовательных услуг по дополнительному профессиональному образованию безработных граждан по программе повышения квалификации Управление персоналом;Электронный аукцион;97600;17.02.2021;Ростовская область Южный ФО Таганрог;Наука исследования образование Услуги;;
Оказание образовательных услуг по дополнительному профессиональному образованию безработных граждан по программе профессиональной переподготовки Воспитатель дошкольной образовательной организации;Электронный аукцион;131000;17.02.2021;Ростовская область Южный ФО Таганрог;Наука исследования образование Услуги;;
Оказание образовательных услуг по дополнительному профессиональному образованию безработных граждан по программе повышения квалификации Делопроизводство в современном офисе;Электронный аукцион;94000;17.02.2021;Ростовская область Южный ФО Таганрог;Наука исследования образование Услуги;;
Приобретение в муниципальную собственность г Таганрога жилого помещения на первичном или вторичном рынках жилья в целях предоставления жилых помещений детям сиротам и детям оставшимся без попечения родителей лицам из их числа по договорам найма специализированных жилых помещений;Электронный аукцион;1468500;01.03.2021;Ростовская область Южный ФО Таганрог;Строительство недвижимость и архитектура Недвижимость;;
Приобретение в муниципальную собственность г Таганрога жилого помещения на первичном или вторичном рынках жилья в целях предоставления жилых помещений детям сиротам и детям оставшимся без попечения родителей лицам из их числа по договорам найма специализированных жилых помещений;Электронный аукцион;1468500;01.03.2021;Ростовская область Южный ФО Таганрог;Строительство недвижимость и архитектура Недвижимость;;
Приобретение в муниципальную собственность г Таганрога жилого помещения на первичном или вторичном рынках жилья в целях предоставления жилых помещений детям сиротам и детям оставшимся без попечения родителей лицам из их числа по договорам найма специализированных жилых помещений;Электронный аукцион;1468500;01.03.2021;Ростовская область Южный ФО Таганрог;Строительство недвижимость и архитектура Недвижимость;;
Приобретение в муниципальную собственность г Таганрога жилого помещения на первичном или вторичном рынках жилья в целях предоставления жилых помещений детям сиротам и детям оставшимся без попечения родителей лицам из их числа по договорам найма специализированных жилых помещений;Электронный аукцион;1468500;01.03.2021;Ростовская область Южный ФО Таганрог;Строительство недвижимость и архитектура Недвижимость;;
Приобретение в муниципальную собственность г Таганрога жилого помещения на первичном или вторичном рынках жилья в целях предоставления жилых помещений детям сиротам и детям оставшимся без попечения родителей лицам из их числа по договорам найма специализированных жилых помещений;Электронный аукцион;1468500;01.03.2021;Ростовская область Южный ФО Таганрог;Строительство недвижимость и архитектура Недвижимость;;
Приобретение в муниципальную собственность г Таганрога жилого помещения на первичном или вторичном рынках жилья в целях предоставления жилых помещений детям сиротам и детям оставшимся без попечения родителей лицам из их числа по договорам найма специализированных жилых помещений;Электронный аукцион;1468500;01.03.2021;Ростовская область Южный ФО Таганрог;Строительство недвижимость и архитектура Недвижимость;;
Приобретение в муниципальную собственность г Таганрога жилого помещения на первичном или вторичном рынках жилья в целях предоставления жилых помещений детям сиротам и детям оставшимся без попечения родителей лицам из их числа по договорам найма специализированных жилых помещений;Электронный аукцион;1468500;01.03.2021;Ростовская область Южный ФО Таганрог;Строительство недвижимость и архитектура Недвижимость;;
Приобретение в муниципальную собственность г Таганрога жилого помещения на первичном или вторичном рынках жилья в целях предоставления жилых помещений детям сиротам и детям оставшимся без попечения родителей лицам из их числа по договорам найма специализированных жилых помещений;Электронный аукцион;1468500;01.03.2021;Ростовская область Южный ФО Таганрог;Строительство недвижимость и архитектура Недвижимость;;
Приобретение в муниципальную собственность г Таганрога жилого помещения на первичном или вторичном рынках жилья в целях предоставления жилых помещений детям сиротам и детям оставшимся без попечения родителей лицам из их числа по договорам найма специализированных жилых помещений;Электронный аукцион;1468500;01.03.2021;Ростовская область Южный ФО Таганрог;Строительство недвижимость и архитектура Недвижимость;;
Приобретение в муниципальную собственность г Таганрога жилого помещения на первичном или вторичном рынках жилья в целях предоставления жилых помещений детям сиротам и детям оставшимся без попечения родителей лицам из их числа по договорам найма специализированных жилых помещений;Электронный аукцион;1468500;01.03.2021;Ростовская область Южный ФО Таганрог;Строительство недвижимость и архитектура Недвижимость;;
Приобретение в муниципальную собственность г Таганрога жилого помещения на первичном или вторичном рынках жилья в целях предоставления жилых помещений детям сиротам и детям оставшимся без попечения родителей лицам из их числа по договорам найма специализированных жилых помещений;Электронный аукцион;1468500;01.03.2021;Ростовская область Южный ФО Таганрог;Строительство недвижимость и архитектура Недвижимость;;
Приобретение в муниципальную собственность г Таганрога жилого помещения на первичном или вторичном рынках жилья в целях предоставления жилых помещений детям сиротам и детям оставшимся без попечения родителей лицам из их числа по договорам найма специализированных жилых помещений;Электронный аукцион;1468500;01.03.2021;Ростовская область Южный ФО Таганрог;Строительство недвижимость и архитектура Недвижимость;;
Приобретение в муниципальную собственность г Таганрога жилого помещения на первичном или вторичном рынках жилья в целях предоставления жилых помещений детям сиротам и детям оставшимся без попечения родителей лицам из их числа по договорам найма специализированных жилых помещений;Электронный аукцион;1468500;01.03.2021;Ростовская область Южный ФО Таганрог;Строительство недвижимость и архитектура Недвижимость;;
Приобретение в муниципальную собственность г Таганрога жилого помещения на первичном или вторичном рынках жилья в целях предоставления жилых помещений детям сиротам и детям оставшимся без попечения родителей лицам из их числа по договорам найма специализированных жилых помещений;Электронный аукцион;1468500;01.03.2021;Ростовская область Южный ФО Таганрог;Строительство недвижимость и архитектура Недвижимость;;
Приобретение в муниципальную собственность г Таганрога жилого помещения на первичном или вторичном рынках жилья в целях предоставления жилых помещений детям сиротам и детям оставшимся без попечения родителей лицам из их числа по договорам найма специализированных жилых помещений;Электронный аукцион;1468500;01.03.2021;Ростовская область Южный ФО Таганрог;Строительство недвижимость и архитектура Недвижимость;;
Приобретение в муниципальную собственность г Таганрога жилого помещения на первичном или вторичном рынках жилья в целях предоставления жилых помещений детям сиротам и детям оставшимся без попечения родителей лицам из их числа по договорам найма специализированных жилых помещений;Электронный аукцион;1468500;01.03.2021;Ростовская область Южный ФО Таганрог;Строительство недвижимость и архитектура Недвижимость;;
Приобретение в муниципальную собственность г Таганрога жилого помещения на первичном или вторичном рынках жилья в целях предоставления жилых помещений детям сиротам и детям оставшимся без попечения родителей лицам из их числа по договорам найма специализированных жилых помещений;Электронный аукцион;1468500;01.03.2021;Ростовская область Южный ФО Таганрог;Строительство недвижимость и архитектура Недвижимость;;
Приобретение в муниципальную собственность г Таганрога жилого помещения на первичном или вторичном рынках жилья в целях предоставления жилых помещений детям сиротам и детям оставшимся без попечения родителей лицам из их числа по договорам найма специализированных жилых помещений;Электронный аукцион;1468500;01.03.2021;Ростовская область Южный ФО Таганрог;Строительство недвижимость и архитектура Недвижимость;;
Приобретение в муниципальную собственность г Таганрога жилого помещения на первичном или вторичном рынках жилья в целях предоставления жилых помещений детям сиротам и детям оставшимся без попечения родителей лицам из их числа по договорам найма специализированных жилых помещений;Электронный аукцион;1468500;01.03.2021;Ростовская область Южный ФО Таганрог;Строительство недвижимость и архитектура Недвижимость;;
Приобретение в муниципальную собственность г Таганрога жилого помещения на первичном или вторичном рынках жилья в целях предоставления жилых помещений детям сиротам и детям оставшимся без попечения родителей лицам из их числа по договорам найма специализированных жилых помещений;Электронный аукцион;1468500;01.03.2021;Ростовская область Южный ФО Таганрог;Строительство недвижимость и архитектура Недвижимость;;
Услуги по уборке помещений и территорий для нужд Управления МВД России по г Таганрогу;Электронный аукцион;1421928;26.02.2021;Ростовская область Южный ФО Таганрог;Офис дом Услуги;;
услуги по транспортированию и утилизации медицинских отходов класса Г;Электронный аукцион;14833;20.02.2021;Ростовская область Южный ФО Таганрог;Офис дом Услуги;;
Закупка бумаги для офисной техники;Электронный аукцион;142065;17.02.2021;Ростовская область Южный ФО Таганрог;Офис дом Канцелярские принадлежности;;
Ремонт офисного оборудования принтеров;Электронный аукцион;40000;16.02.2021;Ростовская область Южный ФО Таганрог;Офис дом Услуги;;
Поставка немаркированных конвертов;Электронный аукцион;20000;16.02.2021;Ростовская область Южный ФО Таганрог;Офис дом Канцелярские принадлежности;;
МУНИЦИПАЛЬНОЕ АВТОНОМНОЕ УЧРЕЖДЕНИЕ СТАДИОН ТОРПЕДО объявляет тендер Содержание Спортивных площадок МАУ Стадион Торпедо в г;Электронный аукцион;947000;22.02.2021;Ростовская область Южный ФО Таганрог;Офис дом Услуги;;
Закупка бумаги;Электронный аукцион;222075;15.02.2021;Ростовская область Южный ФО Таганрог;Офис дом Канцелярские принадлежности;;
Оказание услуг по предоставлению горячего питания обучающимся государственного казенного общеобразовательного учреждения Ростовской области Таганрогской специальной школы;Электронный аукцион;1360200;20.02.2021;Ростовская область Южный ФО Таганрог;Продовольствие пищевая промышленность Услуги организация питания;;
Услуги по обеспечению ежедневным трехразовым питанием лиц содержащихся в ИВС СП а так же лиц задержанных за административное правонарушение на срок более х часов в ОП Управления МВД России по г Таганрогу;Электронный аукцион;2004649;26.02.2021;Ростовская область Южный ФО Таганрог;Продовольствие пищевая промышленность Услуги организация питания;;
Продукты питания;Электронный аукцион;4585;17.02.2021;Ростовская область Южный ФО Таганрог;Продовольствие пищевая промышленность Продукты питания;;
Продукты питания;Электронный аукцион;10080;16.02.2021;Ростовская область Южный ФО Таганрог;Продовольствие пищевая промышленность Продукты питания;;
Продукты питания;Электронный аукцион;13157;16.02.2021;Ростовская область Южный ФО Таганрог;Продовольствие пищевая промышленность Продукты питания;;
Продукты питания;Электронный аукцион;10174;16.02.2021;Ростовская область Южный ФО Таганрог;Продовольствие пищевая промышленность Продукты питания;;
Продукты питания;Электронный аукцион;15499;16.02.2021;Ростовская область Южный ФО Таганрог;Продовольствие пищевая промышленность Продукты питания;;
Продукты питания;Электронный аукцион;20567;16.02.2021;Ростовская область Южный ФО Таганрог;Продовольствие пищевая промышленность Продукты питания;;
Продукты питания;Электронный аукцион;26855;16.02.2021;Ростовская область Южный ФО Таганрог;Продовольствие пищевая промышленность Продукты питания;;
Продукты питания;Электронный аукцион;27360;16.02.2021;Ростовская область Южный ФО Таганрог;Продовольствие пищевая промышленность Продукты питания;;
Продукты питания;Электронный аукцион;39801;16.02.2021;Ростовская область Южный ФО Таганрог;Продовольствие пищевая промышленность Продукты питания;;
Продукты питания;Электронный аукцион;43090;15.02.2021;Ростовская область Южный ФО Таганрог;Продовольствие пищевая промышленность Продукты питания;;
Продукты питания яблоки;Электронный аукцион;74200;15.02.2021;Ростовская область Южный ФО Таганрог;Продовольствие пищевая промышленность Продукты питания;;
Продукты питания;Электронный аукцион;53714;15.02.2021;Ростовская область Южный ФО Таганрог;Продовольствие пищевая промышленность Продукты питания;;
Продукты питания;Электронный аукцион;55380;15.02.2021;Ростовская область Южный ФО Таганрог;Продовольствие пищевая промышленность Продукты питания;;
Продукты питания;Электронный аукцион;67413;15.02.2021;Ростовская область Южный ФО Таганрог;Продовольствие пищевая промышленность Продукты питания;;
Продукты питания яблоки;Электронный аукцион;74200;15.02.2021;Ростовская область Южный ФО Таганрог;Продовольствие пищевая промышленность Продукты питания;;
Продукты питания;Электронный аукцион;84000;15.02.2021;Ростовская область Южный ФО Таганрог;Продовольствие пищевая промышленность Напитки;;
Приобретение горюче смазочных материалов бензин АИ;Электронный аукцион;94525;18.02.2021;Ростовская область Южный ФО Таганрог;Топливо и энергетика Топливо;;
Закупка горюче смазочных материалов;Электронный аукцион;695550;18.02.2021;Ростовская область Южный ФО Таганрог;Топливо и энергетика Топливо;;
Услуги по техническому обслуживанию автотранспорта;Электронный аукцион;111700;20.02.2021;Ростовская область Южный ФО Таганрог;Транспорт Запчасти аксессуары услуги автосервиса;;
Автобус;Электронный аукцион;3500000;17.02.2021;Ростовская область Южный ФО Таганрог;Транспорт Автомобили автотранспорт автобусы прицепы;;
Поставка дезинфицирующих средств;Электронный аукцион;248852;18.02.2021;Ростовская область Южный ФО Таганрог;Химия Бытовая химия;;
Поставка моющих и чистящих средств;Электронный аукцион;156079;18.02.2021;Ростовская область Южный ФО Таганрог;Химия Бытовая химия;;
АО ТНИИС объявляет тендер Поставка алмазных инденторов;Извещение о заинтересованности;не указано;26.11.2021;Ростовская область Южный ФО Таганрог;Машиностроение Детали запчасти инструменты;;
АО ТНИИС объявляет тендер Поставка крепежной продукции;Извещение о заинтересованности;не указано;18.02.2021;Ростовская область Южный ФО Таганрог;Металлы металлоизделия Металлоизделия и металлоконструкции;;
АО ТНИИС объявляет тендер Поставка цветного металлопроката из медных сплавов листы фольга и ленты;Извещение о заинтересованности;не указано;17.02.2021;Ростовская область Южный ФО Таганрог;Металлы металлоизделия Металлоизделия и металлоконструкции;;
АО ТНИИС объявляет тендер Поставка цветного листового проката из алюминиевых сплавов плиты листы ленты;Извещение о заинтересованности;не указано;17.02.2021;Ростовская область Южный ФО Таганрог;Металлы металлоизделия Металлоизделия и металлоконструкции;;
АО ТНИИС объявляет тендер Поставка цветного металлопроката из медных сплавов прутки проволока;Извещение о заинтересованности;не указано;17.02.2021;Ростовская область Южный ФО Таганрог;Металлы металлоизделия Металлоизделия и металлоконструкции;;
АО ТНИИС объявляет тендер Поставка металлопроката из нелегированных сталей круги шестигранники;Извещение о заинтересованности;не указано;17.02.2021;Ростовская область Южный ФО Таганрог;Металлы металлоизделия Металлоизделия и металлоконструкции;;
АО ТНИИС объявляет тендер Поставка металлопроката из легированных сталей круги шестигранники;Извещение о заинтересованности;не указано;17.02.2021;Ростовская область Южный ФО Таганрог;Металлы металлоизделия Металлоизделия и металлоконструкции;;
АО ТНИИС объявляет тендер Поставка электродов вольфрамовых;Извещение о заинтересованности;не указано;17.02.2021;Ростовская область Южный ФО Таганрог;Металлы металлоизделия Металлоизделия и металлоконструкции;;
АО ТНИИС объявляет тендер Поставка прутков из алюминиевых сплавов;Извещение о заинтересованности;не указано;17.02.2021;Ростовская область Южный ФО Таганрог;Металлы металлоизделия Металлоизделия и металлоконструкции;;
АО ТНИИС объявляет тендер Поставка профилей из алюминиевых сплавов;Извещение о заинтересованности;не указано;17.02.2021;Ростовская область Южный ФО Таганрог;Металлы металлоизделия Металлоизделия и металлоконструкции;;
АО ТНИИС объявляет тендер Поставка проволоки стальной;Извещение о заинтересованности;не указано;17.02.2021;Ростовская область Южный ФО Таганрог;Металлы металлоизделия Металлоизделия и металлоконструкции;;
АО ТНИИС объявляет тендер Поставка проволоки из алюминиевых сплавов;Извещение о заинтересованности;не указано;17.02.2021;Ростовская область Южный ФО Таганрог;Металлы металлоизделия Металлоизделия и металлоконструкции;;
АО ТНИИС объявляет тендер Поставка металлопроката из нелегированных сталей листы заготовки листов;Извещение о заинтересованности;не указано;17.02.2021;Ростовская область Южный ФО Таганрог;Металлы металлоизделия Металлоизделия и металлоконструкции;;
АО ТНИИС объявляет тендер Поставка ножей для зачистной машины;Извещение о заинтересованности;не указано;26.11.2021;Ростовская область Южный ФО Таганрог;Металлы металлоизделия Металлоизделия и металлоконструкции;;
АО ТНИИС объявляет тендер Поставка установки пробивки фотошаблонов;Извещение о заинтересованности;не указано;17.02.2021;Ростовская область Южный ФО Таганрог;Наука исследования образование Лабораторное оборудование и материалы;;
АО ТНИИС объявляет тендер Поставка просмотровой панели;Извещение о заинтересованности;не указано;17.02.2021;Ростовская область Южный ФО Таганрог;Строительство недвижимость и архитектура Строительные материалы оборудование и инструменты;;
ФЕДЕРАЛЬНОЕ ГОСУДАРСТВЕННОЕ УНИТАРНОЕ ПРЕДПРИЯТИЕ РОСМОРПОРТ объявляет тендер Поставка судового вспомогательного дизель генератора с сертификатом Российского речного регистра в количестве шт техно рабочего проект замены вспомогательного дизель генератора одобренного РРР в количестве к т для сборщика НСВ бункеровщик ОС проект постройки У согласно ТЗ;Не определен;не указано;18.02.2021;Ростовская область Южный ФО Таганрог;Машиностроение Судостроение;;
ФЕДЕРАЛЬНОЕ ГОСУДАРСТВЕННОЕ УНИТАРНОЕ ПРЕДПРИЯТИЕ РОСМОРПОРТ объявляет тендер Запрос ценового предложения на поставку канатов для нужд ТУ АБФ ФГУП Росморпорт;Не определен;не указано;19.02.2021;Ростовская область Южный ФО Таганрог;Металлы металлоизделия Металлоизделия и металлоконструкции;;
АО БЕТА ИР объявляет тендер Оказание услуг по поверке калибровке аттестации средств измерений и приспособлений;Не определен;946587;16.02.2021;Ростовская область Южный ФО Таганрог;Наука исследования образование Услуги;;
ООО Курганнефтепродукт объявляет тендер Разработка проектной документации для ООО ТМТ;Не определен;не указано;01.01.8212;Ростовская область Южный ФО Таганрог;Строительство недвижимость и архитектура Проектные работы геодезия картография инженерные изыскания кадастровые работы;;
ФЕДЕРАЛЬНОЕ ГОСУДАРСТВЕННОЕ УНИТАРНОЕ ПРЕДПРИЯТИЕ РОСМОРПОРТ объявляет тендер Запрос ценового предложения на ТО ремонт монтаж демонтаж климатического оборудования;Не определен;не указано;15.02.2021;Ростовская область Южный ФО Таганрог;Офис дом Бытовая техника;;
ФЕДЕРАЛЬНОЕ ГОСУДАРСТВЕННОЕ УНИТАРНОЕ ПРЕДПРИЯТИЕ РОСМОРПОРТ объявляет тендер Услуги по обеспечению водой судов Азовского бассейнового филиала;Не определен;не указано;16.02.2021;Ростовская область Южный ФО Таганрог;Офис дом Услуги;;
АО БЕТА ИР объявляет тендер Поставка автомобильного топлива через автозаправочные станции по топливным картам;Не определен;1600000;18.02.2021;Ростовская область Южный ФО Таганрог;Топливо и энергетика Топливо;;
ФЕДЕРАЛЬНОЕ ГОСУДАРСТВЕННОЕ УНИТАРНОЕ ПРЕДПРИЯТИЕ РОСМОРПОРТ объявляет тендер Запрос ценового предложения на поставку резино технических изделий для нужд ТУ АБФ ФГУП Росморпорт;Не определен;не указано;17.02.2021;Ростовская область Южный ФО Таганрог;Химия Оборудование для химической промышленности;;
Акционерное общество Таганрогский Металлургический Завод объявляет тендер Закупка таблички информационной;Запрос предложений;не указано;15.02.2021;Ростовская область Южный ФО Таганрог;Издательство полиграфия Другое;;
Акционерное общество Таганрогский Металлургический Завод объявляет тендер Закупка заготовки пильных дисков;Запрос предложений;не указано;17.02.2021;Ростовская область Южный ФО Таганрог;компьютеры связь Компьютеры комплектующие оргтехника сети и сетевое оборудование;;
Акционерное общество Таганрогский Металлургический Завод объявляет тендер Приобретение оперативно памяти по заявке УИТ;Запрос предложений;не указано;16.02.2021;Ростовская область Южный ФО Таганрог;компьютеры связь Компьютеры комплектующие оргтехника сети и сетевое оборудование;;
Акционерное общество Таганрогский Металлургический Завод объявляет тендер Предоставление регулярных услуг по обмену картриджей;Запрос предложений;не указано;15.02.2021;Ростовская область Южный ФО Таганрог;компьютеры связь Компьютеры комплектующие оргтехника сети и сетевое оборудование;;
Акционерное общество Таганрогский Металлургический Завод объявляет тендер Закупка разветвителей аналоговых сигналов для ТПЦ по з;Запрос предложений;не указано;17.02.2021;Ростовская область Южный ФО Таганрог;компьютеры связь Компьютеры комплектующие оргтехника сети и сетевое оборудование;;
Акционерное общество Таганрогский Металлургический Завод объявляет тендер Приобретение принтера пластиковых карт лент и чистящих комплектов по заявке УИТ для ОКР;Запрос предложений;не указано;17.02.2021;Ростовская область Южный ФО Таганрог;компьютеры связь Компьютеры комплектующие оргтехника сети и сетевое оборудование;;
Акционерное общество Таганрогский Металлургический Завод объявляет тендер Поставка картриджа по заявке ЦИЛ;Запрос предложений;не указано;16.02.2021;Ростовская область Южный ФО Таганрог;компьютеры связь Компьютеры комплектующие оргтехника сети и сетевое оборудование;;
Акционерное общество Таганрогский Металлургический Завод объявляет тендер Поставка техпластины Н ТМКЩ С в феврале срочно;Запрос предложений;не указано;15.02.2021;Ростовская область Южный ФО Таганрог;Легкая промышленность Хозяйственные изделия;;
Акционерное общество Таганрогский Металлургический Завод объявляет тендер Поставка смеси резиновой и техпластины МБС в апреле года;Запрос предложений;не указано;16.02.2021;Ростовская область Южный ФО Таганрог;Легкая промышленность Хозяйственные изделия;;
Акционерное общество Таганрогский Металлургический Завод объявляет тендер Запчасти на технологию ТПЦ по заявке;Запрос предложений;не указано;19.02.2021;Ростовская область Южный ФО Таганрог;Машиностроение Детали запчасти инструменты;;
Акционерное общество Таганрогский Металлургический Завод объявляет тендер Закупка запчастей для маркираторов по з ТПЦ;Запрос предложений;не указано;19.02.2021;Ростовская область Южный ФО Таганрог;Машиностроение Детали запчасти инструменты;;
Акционерное общество Таганрогский Металлургический Завод объявляет тендер Закупка пил ленточных по заявке ЦИЛ;Запрос предложений;не указано;18.02.2021;Ростовская область Южный ФО Таганрог;Машиностроение Детали запчасти инструменты;;
Акционерное общество Таганрогский Металлургический Завод объявляет тендер Закупка хомутов для станков Хаййд;Запрос предложений;не указано;16.02.2021;Ростовская область Южный ФО Таганрог;Машиностроение Детали запчасти инструменты;;
Акционерное общество Таганрогский Металлургический Завод объявляет тендер Выполнение работ по высокоточным трехмерным измерениям технологического оборудования АО ТАГМЕТ согласно ТЗ;Запрос предложений;не указано;15.02.2021;Ростовская область Южный ФО Таганрог;Машиностроение Ремонт обслуживание пуско наладочные работы;;
Открытое акционерное общество Таганрогский котлостроительный завод Красный котельщик объявляет тендер Техническое обслуживание и режимно наладочные газовых термических печей установленных в трубно кузнечном цехе ПАО ТКЗ Красный котельщик;Запрос предложений;не указано;02.03.2021;Ростовская область Южный ФО Таганрог;Машиностроение Ремонт обслуживание пуско наладочные работы;;
Открытое акционерное общество Таганрогский котлостроительный завод Красный котельщик объявляет тендер Ремонт парапета Б А МСЦ по заключению ЭПБ п Ремонт фасада юг юго запад с восстановлением кирпичной кладки и заделкой трещин МСЦ по заключению ЭПБ п Ремонт стенового остекленения склада УСХ;Запрос предложений;не указано;17.02.2021;Ростовская область Южный ФО Таганрог;Машиностроение Ремонт обслуживание пуско наладочные работы;;
Акционерное общество Таганрогский Металлургический Завод объявляет тендер Поставка дробильно сортировочного комплекса по заявке;Запрос предложений;не указано;18.02.2021;Ростовская область Южный ФО Таганрог;Машиностроение Промышленное машиностроение;;
Акционерное общество Таганрогский Металлургический Завод объявляет тендер Запчасти на текущий ремонт ТСЦ по заявкам;Запрос предложений;не указано;17.02.2021;Ростовская область Южный ФО Таганрог;Машиностроение Детали запчасти инструменты;;
Акционерное общество Таганрогский Металлургический Завод объявляет тендер Насос ЦНС и Насос Д по заявкам ЭНЦ;Запрос предложений;не указано;16.02.2021;Ростовская область Южный ФО Таганрог;Машиностроение Детали запчасти инструменты;;
Акционерное общество Таганрогский Металлургический Завод объявляет тендер Пневматическое оборудование по заявке УКСТИР;Запрос предложений;не указано;16.02.2021;Ростовская область Южный ФО Таганрог;Машиностроение Детали запчасти инструменты;;
Акционерное общество Таганрогский Металлургический Завод объявляет тендер Клап пневм управления насоса и запчасти клапана по заявке ТПЦ;Запрос предложений;не указано;16.02.2021;Ростовская область Южный ФО Таганрог;Машиностроение Детали запчасти инструменты;;
Открытое акционерное общество Таганрогский котлостроительный завод Красный котельщик объявляет тендер Выполнение работ по ремонту кровли с заменой железобетонных плит покрытия и антикоррозионной обработкой м конструкций МСЦ по заключению ЭПБ п ПАО ТКЗ Красный котельщик;Запрос предложений;не указано;24.02.2021;Ростовская область Южный ФО Таганрог;Машиностроение Ремонт обслуживание пуско наладочные работы;;
Открытое акционерное общество Таганрогский котлостроительный завод Красный котельщик объявляет тендер Ремонт железобетонных плит покрытия ЦМК по заключению ЭПБ п;Запрос предложений;не указано;24.02.2021;Ростовская область Южный ФО Таганрог;Машиностроение Ремонт обслуживание пуско наладочные работы;;
Акционерное общество Таганрогский Металлургический Завод объявляет тендер Закупка пил ленточных для цил;Запрос предложений;не указано;15.02.2021;Ростовская область Южный ФО Таганрог;Машиностроение Детали запчасти инструменты;;
Акционерное общество Таганрогский Металлургический Завод объявляет тендер Закупка кассеты для пресса МПа;Запрос предложений;не указано;15.02.2021;Ростовская область Южный ФО Таганрог;Машиностроение Детали запчасти инструменты;;
Акционерное общество Таганрогский Металлургический Завод объявляет тендер Изготовление ролика;Запрос предложений;не указано;15.02.2021;Ростовская область Южный ФО Таганрог;Машиностроение Детали запчасти инструменты;;
Акционерное общество Таганрогский Металлургический Завод объявляет тендер Поставка втулок шпилек валов;Запрос предложений;не указано;15.02.2021;Ростовская область Южный ФО Таганрог;Машиностроение Детали запчасти инструменты;;
Акционерное общество Таганрогский Металлургический Завод объявляет тендер Поставка контактного пальца и втулки;Запрос предложений;не указано;19.02.2021;Ростовская область Южный ФО Таганрог;Машиностроение Детали запчасти инструменты;;
Акционерное общество Таганрогский Металлургический Завод объявляет тендер Закупка шлаковых чаш в году м;Запрос предложений;не указано;15.02.2021;Ростовская область Южный ФО Таганрог;Машиностроение Детали запчасти инструменты;;
Акционерное общество Таганрогский Металлургический Завод объявляет тендер Ежемесячный анализ проб производственного контроля питьевой холодной горячей и доочищенной воды АО ТАГМЕТ в г на соответствие требованиям СанПиН СанПиН СанПиН согласно графику отбора проб;Запрос предложений;не указано;15.02.2021;Ростовская область Южный ФО Таганрог;Медицина фармакология Медицинское оборудование обслуживание исследования;;
Акционерное общество Таганрогский Металлургический Завод объявляет тендер Закупка Облучателей рециркуляторов ОРУБ Дезар Рассмотрим аналоги Предложения принимаются исключительно на оборудование которое имеет медицинское регистрационное удостоверение;Запрос предложений;не указано;18.02.2021;Ростовская область Южный ФО Таганрог;Медицина фармакология Медицинское оборудование обслуживание исследования;;
Акционерное общество Таганрогский Металлургический Завод объявляет тендер Закупка медицинского оборудования для Медицинской части АО ТАГМЕТ предложения принимаются только от официальных представителей;Запрос предложений;не указано;15.02.2021;Ростовская область Южный ФО Таганрог;Медицина фармакология Медицинское оборудование обслуживание исследования;;
Акционерное общество ЕВРАЗ Металл Инпром объявляет тендер Швеллер февраль обеспечить сохранение цен на весь период поставки;Запрос предложений;не указано;15.02.2021;Ростовская область Южный ФО Таганрог;Металлы металлоизделия Металлоизделия и металлоконструкции;;
Акционерное общество Таганрогский Металлургический Завод объявляет тендер Запчасти;Запрос предложений;не указано;16.02.2021;Ростовская область Южный ФО Таганрог;Металлы металлоизделия Металлоизделия и металлоконструкции;;
Акционерное общество Таганрогский Металлургический Завод объявляет тендер Закупка крепежа для механизации Хайд;Запрос предложений;не указано;16.02.2021;Ростовская область Южный ФО Таганрог;Металлы металлоизделия Металлоизделия и металлоконструкции;;
Акционерное общество Таганрогский Металлургический Завод объявляет тендер Закупка металлопроката Обязательно к заявке приложить сертификат официального представителя дилера;Запрос предложений;не указано;16.02.2021;Ростовская область Южный ФО Таганрог;Металлы металлоизделия Металлоизделия и металлоконструкции;;
Акционерное общество Таганрогский Металлургический Завод объявляет тендер Поставка листа полиуретанового Л адипрен в марте года возможно применение аналога;Запрос предложений;не указано;16.02.2021;Ростовская область Южный ФО Таганрог;Металлы металлоизделия Металлоизделия и металлоконструкции;;
Акционерное общество Таганрогский Металлургический Завод объявляет тендер Закупка проволоки сварочной СВ ХГС ф мм;Запрос предложений;не указано;15.02.2021;Ростовская область Южный ФО Таганрог;Металлы металлоизделия Металлоизделия и металлоконструкции;;
Акционерное общество Таганрогский Металлургический Завод объявляет тендер Поставка металлорукавов по заявке ТПЦ ПРИНИМАЮТСЯ КП ТОЛЬКО ОТ ПРОИЗВОДИТЕЛЕЙ И ОФИЦИАЛЬНЫХ ДИЛЕРОВ Обязательно подтверждение документами Допускается подача предложений на аналоги при соблюдении условий Функциональные количественные и качественные характеристики Товара должны соответствовать или превосходить характеристики Товара по запросу обязательно прикрепить соответствующие документы паспорт каталог и тп Поставляемый Товар должен быть новым не был в употреблении не был восстановлен у которого не была осуществлена замена составных частей совместимым по конструкционным и присоединительным размерам по техническим и эксплуатационным характеристикам и не требовать адаптацию перенастройку основного оборудования Заказчика;Запрос предложений;не указано;22.02.2021;Ростовская область Южный ФО Таганрог;Металлы металлоизделия Металлоизделия и металлоконструкции;;
Акционерное общество Таганрогский Металлургический Завод объявляет тендер Запчасти для ТПЦ и ТСЦ по заявкам ТПЦ ТСЦ;Запрос предложений;не указано;15.02.2021;Ростовская область Южный ФО Таганрог;Металлы металлоизделия Металлоизделия и металлоконструкции;;
Открытое акционерное общество Таганрогский котлостроительный завод Красный котельщик объявляет тендер Закупку труб по ГОСТ ГОСТ В;Запрос предложений;не указано;16.02.2021;Ростовская область Южный ФО Таганрог;Металлы металлоизделия Металлоизделия и металлоконструкции;;
Открытое акционерное общество Таганрогский котлостроительный завод Красный котельщик объявляет тендер ЗАКУПКА ТРУБ ТУ Р Г;Запрос предложений;не указано;16.02.2021;Ростовская область Южный ФО Таганрог;Металлы металлоизделия Металлоизделия и металлоконструкции;;
Акционерное общество Таганрогский Металлургический Завод объявляет тендер Закупка гвоздей на г для ЭСПЦ;Запрос предложений;283320;15.02.2021;Ростовская область Южный ФО Таганрог;Металлы металлоизделия Металлоизделия и металлоконструкции;;
Акционерное общество Таганрогский Металлургический Завод объявляет тендер Услуги по порезке и сквозному сверлению непрерывнолитой заготовки;Запрос предложений;не указано;23.02.2021;Ростовская область Южный ФО Таганрог;Металлы металлоизделия Металлы;;
Акционерное общество Таганрогский Металлургический Завод объявляет тендер Закупка поковок;Запрос предложений;не указано;20.02.2021;Ростовская область Южный ФО Таганрог;Металлы металлоизделия Металлоизделия и металлоконструкции;;
Акционерное общество Таганрогский Металлургический Завод объявляет тендер ТПЦ Участок ТПЦ Механическая мастерская Подкрановые балки в пролете А Б оси Взамен сметы смета выписка;Запрос предложений;5743252;18.02.2021;Ростовская область Южный ФО Таганрог;Металлы металлоизделия Металлоизделия и металлоконструкции;;
Акционерное общество Таганрогский Металлургический Завод объявляет тендер Закупка лист х х сталь КП с УЗК класс Обязательно к заявке приложить сертификат официального представителя дилера;Запрос предложений;не указано;15.02.2021;Ростовская область Южный ФО Таганрог;Металлы металлоизделия Металлы;;
Акционерное общество Таганрогский Металлургический Завод объявляет тендер Закупка металлопроката Обязательно к заявке приложить сертификат официального представителя дилера;Запрос предложений;не указано;15.02.2021;Ростовская область Южный ФО Таганрог;Металлы металлоизделия Металлоизделия и металлоконструкции;;
Открытое акционерное общество Таганрогский котлостроительный завод Красный котельщик объявляет тендер Закупка услуг по подтверждению соответствия ТР ТС по схеме дпродукции РВП и ТВП;Запрос предложений;не указано;16.02.2021;Ростовская область Южный ФО Таганрог;Наука исследования образование Услуги;;
Акционерное общество Таганрогский Металлургический Завод объявляет тендер Закупка лабораторной посуды Обязательно к заявке приложить сертификат официального представителя дилера;Запрос предложений;не указано;15.02.2021;Ростовская область Южный ФО Таганрог;Наука исследования образование Лабораторное оборудование и материалы;;
Акционерное общество Таганрогский Металлургический Завод объявляет тендер Поставка приборов по заявке эл цеха;Запрос предложений;не указано;15.02.2021;Ростовская область Южный ФО Таганрог;Наука исследования образование Лабораторное оборудование и материалы;;
Акционерное общество Таганрогский Металлургический Завод объявляет тендер Поставка термометра по заявке эл цеха;Запрос предложений;не указано;15.02.2021;Ростовская область Южный ФО Таганрог;Наука исследования образование Лабораторное оборудование и материалы;;
Публичное акционерное общество Таганрогский котлостроительный завод Красный котельщик объявляет тендер Анализатор рентгенофлуресцентный;Запрос предложений;не указано;18.02.2021;Ростовская область Южный ФО Таганрог;Наука исследования образование Лабораторное оборудование и материалы;;
Акционерное общество Таганрогский Металлургический Завод объявляет тендер Работы по метрологическому обеспечению в части приведения в соответствие автоматизированной информационно измерительной системы коммерческого учета электроэнергии АИИС КУЭ АО ТАГМЕТ требованиям предъявляемым к системам АИИС КУЭ участников субъектов ОРЭМ;Запрос предложений;475000;15.02.2021;Ростовская область Южный ФО Таганрог;Наука исследования образование Услуги;;
Открытое акционерное общество Таганрогский котлостроительный завод Красный котельщик объявляет тендер Согласование технологических карт по неразрушающему контролю оборудования АЭУ;Запрос предложений;не указано;18.02.2021;Ростовская область Южный ФО Таганрог;Наука исследования образование Услуги;;
Открытое акционерное общество Таганрогский котлостроительный завод Красный котельщик объявляет тендер Выполнение работ услуг по проведению поверки калибровки средств измерений ПАО ТКЗ Красный котельщик;Запрос предложений;не указано;17.02.2021;Ростовская область Южный ФО Таганрог;Наука исследования образование Услуги;;
Акционерное общество Таганрогский Металлургический Завод объявляет тендер Поставка анализатора серы и углерода по заявке ЦИЛ;Запрос предложений;не указано;15.02.2021;Ростовская область Южный ФО Таганрог;Наука исследования образование Лабораторное оборудование и материалы;;
АКЦИОНЕРНОЕ ОБЩЕСТВО ТАГАНРОГСКИЙ НАУЧНО ИССЛЕДОВАТЕЛЬСКИЙ ИНСТИТУТ СВЯЗИ объявляет тендер Выполнение работ по ремонту полов в производственном корпусе АО ТНИИС;Запрос предложений;774231;25.02.2021;Ростовская область Южный ФО Таганрог;Строительство недвижимость и архитектура Ремонтные и строительные работы;;
Открытое акционерное общество Таганрогский котлостроительный завод Красный котельщик объявляет тендер Ремонт сети воздухоснабжения в Котельном цехе производственный корпус инв при подготовке производства конденсаторов;Запрос предложений;не указано;19.02.2021;Ростовская область Южный ФО Таганрог;Строительство недвижимость и архитектура Ремонтные и строительные работы;;
Открытое акционерное общество Таганрогский котлостроительный завод Красный котельщик объявляет тендер Капитальный ремонт сетей воздухоснабжения с установкой воздухосборников и систем автоматического сброса конденсата в ТБЦ ЦКО ЦМК и ЦТО ПАО ТКЗ Красный котельщик;Запрос предложений;не указано;02.03.2021;Ростовская область Южный ФО Таганрог;Строительство недвижимость и архитектура Электроэнергия;;
Акционерное общество Таганрогский Металлургический Завод объявляет тендер Энергетический цех Окраска межцеховых газопроводов Южная площадка завода инв;Запрос предложений;не указано;15.02.2021;Ростовская область Южный ФО Таганрог;Строительство недвижимость и архитектура Ремонтные и строительные работы;;
Акционерное общество Таганрогский Металлургический Завод объявляет тендер Закупка клея для плитки Обязательно к заявке приложить сертификат официального представителя дилера;Запрос предложений;не указано;15.02.2021;Ростовская область Южный ФО Таганрог;Строительство недвижимость и архитектура Строительные материалы оборудование и инструменты;;
Акционерное общество Таганрогский Металлургический Завод объявляет тендер Закупка кислотоупорного кирпича для капитального ремонта ТСЦ участок оцинковального отделения;Запрос предложений;не указано;19.02.2021;Ростовская область Южный ФО Таганрог;Строительство недвижимость и архитектура Строительные материалы оборудование и инструменты;;
Акционерное общество Таганрогский Металлургический Завод объявляет тендер Закупка малярного инструмента по заявкам ТПЦ УОМО;Запрос предложений;не указано;16.02.2021;Ростовская область Южный ФО Таганрог;Строительство недвижимость и архитектура Строительные материалы оборудование и инструменты;;
Акционерное общество Таганрогский Металлургический Завод объявляет тендер Закупка инструмента по заявкам ТПЦ УОМО ЭСПЦ;Запрос предложений;не указано;16.02.2021;Ростовская область Южный ФО Таганрог;Строительство недвижимость и архитектура Строительные материалы оборудование и инструменты;;
АКЦИОНЕРНОЕ ОБЩЕСТВО ТАГАНРОГСКИЙ НАУЧНО ИССЛЕДОВАТЕЛЬСКИЙ ИНСТИТУТ СВЯЗИ объявляет тендер Выполнение работ по изготовлению стеклопластиковых радиопрозрачных деталей обтекателей в соответствии с конструкторской документацией Заказчика;Запрос предложений;10660585;20.02.2021;Ростовская область Южный ФО Таганрог;Строительство недвижимость и архитектура Строительные материалы оборудование и инструменты;;
АКЦИОНЕРНОЕ ОБЩЕСТВО ТАГАНРОГСКИЙ НАУЧНО ИССЛЕДОВАТЕЛЬСКИЙ ИНСТИТУТ СВЯЗИ объявляет тендер Выполнение работ по изготовлению стеклопластиковых радиопрозрачных деталей обтекателей в соответствии с конструкторской документацией Заказчика;Запрос предложений;5330293;20.02.2021;Ростовская область Южный ФО Таганрог;Строительство недвижимость и архитектура Строительные материалы оборудование и инструменты;;
Открытое акционерное общество Таганрогский котлостроительный завод Красный котельщик объявляет тендер Ремонт внутреннего пожарного водопровода в ТКЦ п к инв;Запрос предложений;не указано;26.02.2021;Ростовская область Южный ФО Таганрог;Строительство недвижимость и архитектура Электроэнергия;;
Акционерное общество Таганрогский Металлургический Завод объявляет тендер ЭСПЦ Уборочный пролет Ограждение утепленного участка в осях колонн ряд выписка из сметы;Запрос предложений;76028;16.02.2021;Ростовская область Южный ФО Таганрог;Строительство недвижимость и архитектура Ремонтные и строительные работы;;
Акционерное общество Таганрогский Металлургический Завод объявляет тендер Кадастровые работы по определению координат объектов капитального строительства АО ТАГМЕТ с целью уточнения местоположения объектов недвижимости и внесения сведений в ЕГРН а также по технической инвентаризации и установлению охранной зоны кабельной линии электроснабжения кВ;Запрос предложений;1950000;15.02.2021;Ростовская область Южный ФО Таганрог;Строительство недвижимость и архитектура Проектные работы геодезия картография инженерные изыскания кадастровые работы;;
Акционерное общество Таганрогский Металлургический Завод объявляет тендер Закупка трубы медной ф х М М;Запрос предложений;не указано;15.02.2021;Ростовская область Южный ФО Таганрог;Строительство недвижимость и архитектура Строительные материалы оборудование и инструменты;;
Акционерное общество Таганрогский Металлургический Завод объявляет тендер Поставка текстолита в марте года;Запрос предложений;37500;15.02.2021;Ростовская область Южный ФО Таганрог;Строительство недвижимость и архитектура Строительные материалы оборудование и инструменты;;
Акционерное общество Таганрогский Металлургический Завод объявляет тендер ТПЦ Участок ТПЦ УООТ Размещение оборудования фосфатирования резьбы ниппельного конца труб в пролете М Н осях с дополнительными функциями слива и сушки для участка трубонарезных станков ф этапа й части Строительно монтажные работы;Запрос предложений;11553965;19.02.2021;Ростовская область Южный ФО Таганрог;Строительство недвижимость и архитектура Ремонтные и строительные работы;;
Акционерное общество Таганрогский Металлургический Завод объявляет тендер Закупка огнеупорных материалов для производства фурм аварийных;Запрос предложений;не указано;15.02.2021;Ростовская область Южный ФО Таганрог;Строительство недвижимость и архитектура Строительные материалы оборудование и инструменты;;
Акционерное общество Таганрогский Металлургический Завод объявляет тендер Разработка комплекта рабочей документации на изготовление монтаж новой муфты в условиях СНГ корректировка эксплуатационной документации и паспорта на изменение существующего механизма подъема ПС крана КМ в ЭСПЦ сохранением проектной грузоподъемности и режима работы;Запрос предложений;не указано;26.02.2021;Ростовская область Южный ФО Таганрог;Строительство недвижимость и архитектура Проектные работы геодезия картография инженерные изыскания кадастровые работы;;
Открытое акционерное общество Таганрогский котлостроительный завод Красный котельщик объявляет тендер Выполнение работ по ремонту мужского и женского сан узлов МСЦ й пролет ПАО ТКЗ Красный котельщик здание механосборочного цеха инв;Запрос предложений;не указано;15.02.2021;Ростовская область Южный ФО Таганрог;Строительство недвижимость и архитектура Ремонтные и строительные работы;;
Открытое акционерное общество Таганрогский котлостроительный завод Красный котельщик объявляет тендер Выполнение работ по выправке и переносу централизованного стрелочного перевода ЦСП сбрасывающего остряка СО стрелочного перевода с СП с демонтажу стрелочного перевода с СП с и укладки участка пути;Запрос предложений;не указано;18.02.2021;Ростовская область Южный ФО Таганрог;Строительство недвижимость и архитектура Дороги мосты тоннели;;
Акционерное общество Таганрогский Металлургический Завод объявляет тендер Печь СВЧ и водонагреватели для ЦИЛ Заявки ЦИЛ ГОТОВЫ РАССМОТРЕТЬ АНАЛОГИ;Запрос предложений;не указано;22.02.2021;Ростовская область Южный ФО Таганрог;Офис дом Бытовая техника;;
Акционерное общество Таганрогский Металлургический Завод объявляет тендер закупка нестандартного механического оборудования по чертежам заявка ОКСТиР;Запрос предложений;не указано;22.02.2021;Ростовская область Южный ФО Таганрог;Офис дом Мебель;;
Акционерное общество Таганрогский Металлургический Завод объявляет тендер Участок водоснабжения Подводно технические работы по очистке при мной камеры воды чистого цикла Снятие заглушки на всасывающем трубопроводе насоса НОЦ Север Взамен сметы Инв смета;Запрос предложений;368784;19.02.2021;Ростовская область Южный ФО Таганрог;Офис дом Услуги;;
Акционерное общество Таганрогский Металлургический Завод объявляет тендер Кондиционеры в электропомещения для обеспечения температурного режима работы оборудования ЭСПЦ в летний период Заявка ГОТОВЫ РАССМОТРЕТЬ АНАЛОГИ;Запрос предложений;не указано;15.02.2021;Ростовская область Южный ФО Таганрог;Офис дом Бытовая техника;;
Акционерное общество Таганрогский Металлургический Завод объявляет тендер Техническое обслуживание текущий ремонт модернизация климатических систем кондиционеров мобильных гидравлических погрузчиков М ЛОТ Техническое обслуживание ЛОТ Текущий ремонт с заменой узлов по результатам ТО рассматривается прайс цен ЛОТ Модернизация рассматривается прайс цен;Запрос предложений;не указано;15.02.2021;Ростовская область Южный ФО Таганрог;Офис дом Бытовая техника;;
Акционерное общество Таганрогский Металлургический Завод объявляет тендер Закупка воды минеральной лечебной;Запрос предложений;не указано;19.02.2021;Ростовская область Южный ФО Таганрог;Продовольствие пищевая промышленность Напитки;;
Акционерное общество Таганрогский Металлургический Завод объявляет тендер ТЕПЦ;Запрос предложений;не указано;19.02.2021;Ростовская область Южный ФО Таганрог;Топливо и энергетика Оборудование для АЗС и нефтебаз;;
Акционерное общество Таганрогский Металлургический Завод объявляет тендер Закупка азота Обязательно к заявке приложить сертификат официального представителя дилера;Запрос предложений;не указано;15.02.2021;Ростовская область Южный ФО Таганрог;Топливо и энергетика Газ;;
Акционерное общество Таганрогский Металлургический Завод объявляет тендер Закупка гелия газообразного высокой чистоты марка Поставка с января по декабрь года по заявке ПАО ТАГМЕТ равными партиями по баллона Баллоны на обмен;Запрос предложений;не указано;15.02.2021;Ростовская область Южный ФО Таганрог;Топливо и энергетика Газ;;
Акционерное общество Таганрогский Металлургический Завод объявляет тендер Закупка щеткодержателей ДМТ;Запрос предложений;не указано;25.02.2021;Ростовская область Южный ФО Таганрог;Транспорт Запчасти аксессуары услуги автосервиса;;
Акционерное общество Таганрогский Металлургический Завод объявляет тендер Запрос транспортной услуги по перевозке образцов труб Отрезок трубы диаметром мм трубы длина одной трубы м вес пакета тн брутто Габариты пакета мх мх м Отрезок трубы диаметром мм трубы длина одной трубы м вес пакета тн брутто Габариты пакета мх мх м Отрезок трубы диаметром мм трубы длина одной трубы м вес пакета тн брутто Габариты пакета мх мх м Отрезок трубы диаметром мм трубы длина одной трубы м вес пакета тн брутто Габариты пакета мх мх м Общим весом кг количество мест пакета из г Таганрог в адрес Оренбургская область г Кувандык ул Школьная ПАО Кувандыкский завод кузнечно прессового оборудования Долина Срок доставки образцов не позднее;Запрос предложений;не указано;16.02.2021;Ростовская область Южный ФО Таганрог;Транспорт Транспортные услуги перевозки;;
Открытое акционерное общество Таганрогский котлостроительный завод Красный котельщик объявляет тендер Поиск контрагентов для выполнения работ в цехах ПАО ТКЗ Красный котельщик закупка аутстаффинговых услуг;Запрос предложений;не указано;18.02.2021;Ростовская область Южный ФО Таганрог;Транспорт Транспортные услуги перевозки;;
Акционерное общество Таганрогский Металлургический Завод объявляет тендер Поставка ленты тормозной и паронита в марте года;Запрос предложений;не указано;16.02.2021;Ростовская область Южный ФО Таганрог;Транспорт Запчасти аксессуары услуги автосервиса;;
Акционерное общество Таганрогский Металлургический Завод объявляет тендер Механ тягово монтажный МТМ ТСЦ;Запрос предложений;не указано;16.02.2021;Ростовская область Южный ФО Таганрог;Транспорт Запчасти аксессуары услуги автосервиса;;
Акционерное общество Таганрогский Металлургический Завод объявляет тендер Закупка химических материалов на март год Обязательно к заявке приложить сертификат официального представителя дилера;Запрос предложений;не указано;19.02.2021;Ростовская область Южный ФО Таганрог;Химия Химические элементы и соединения;;
Акционерное общество Таганрогский Металлургический Завод объявляет тендер Закупка белил цинковых БЦ ОМ;Запрос предложений;не указано;17.02.2021;Ростовская область Южный ФО Таганрог;Химия Химические элементы и соединения;;
Акционерное общество Таганрогский Металлургический Завод объявляет тендер Закупка припоя таблетированного ТПЦ;Запрос предложений;не указано;15.02.2021;Ростовская область Южный ФО Таганрог;Химия Химические элементы и соединения;;
Акционерное общество Таганрогский Металлургический Завод объявляет тендер Закупка химических материалов для водоподготовки Обязательно к заявке приложить сертификат официального представителя дилера;Запрос предложений;не указано;15.02.2021;Ростовская область Южный ФО Таганрог;Химия Химические элементы и соединения;;
Акционерное общество Таганрогский Металлургический Завод объявляет тендер Закупка концентрата минерального галит тип Д сорт помол в МКР по тонне Обязательно к заявке приложить сертификат официального представителя дилера;Запрос предложений;не указано;15.02.2021;Ростовская область Южный ФО Таганрог;Химия Химические элементы и соединения;;
Машина моюще дезинфицирующая для гибких эндоскопов;Анализ цен;не указано;15.02.2021;Ростовская область Южный ФО Таганрог;Медицина фармакология Медицинское оборудование обслуживание исследования;;
Микроскоп для лабораторных исследований;Анализ цен;не указано;16.02.2021;Ростовская область Южный ФО Таганрог;Наука исследования образование Лабораторное оборудование и материалы;;
выполнение работ по поверки калибровки резервуаров стальных вертикальных РВС;Анализ цен;не указано;19.02.2021;Ростовская область Южный ФО Таганрог;Топливо и энергетика Нефтепродукты;;
Поставка компьютерной и оргтехники;Малая закупка;114840;15.02.2021;Ростовская область Южный ФО Таганрог;компьютеры связь Компьютеры комплектующие оргтехника сети и сетевое оборудование;;
Экипировка для регби;Малая закупка;55500;14.02.2021;Ростовская область Южный ФО Таганрог;Легкая промышленность Одежда и обувь;;
Катер с мотором;Малая закупка;562600;14.02.2021;Ростовская область Южный ФО Таганрог;Машиностроение Судостроение;;
Оказание услуг по медицинскому сопровождению физкультурных мероприятий и спортивных мероприятий на территории муниципального образования Город Таганрог;Малая закупка;202050;15.02.2021;Ростовская область Южный ФО Таганрог;Медицина фармакология Медицинское оборудование обслуживание исследования;;
Пленка рентгеновская медицинская экранная;Малая закупка;13834;16.02.2021;Ростовская область Южный ФО Таганрог;Медицина фармакология Лекарственные препараты витамины расходные материалы;;
дератизация дезинсекция;Малая закупка;7608;15.02.2021;Ростовская область Южный ФО Таганрог;Офис дом Услуги;;
ТД АМРИТА ГРУПП объявляет тендер Оцинкованный рулон;Частное объявление;не указано;22.02.2021;Ростовская область Южный ФО Таганрог;Легкая промышленность Хозяйственные изделия;;
ТД АМРИТА ГРУПП объявляет тендер Оцинкованный рулон;Частное объявление;не указано;20.02.2021;Ростовская область Южный ФО Таганрог;Легкая промышленность Хозяйственные изделия;;
ТД АМРИТА ГРУПП объявляет тендер Оцинкованный рулон;Частное объявление;не указано;15.02.2021;Ростовская область Южный ФО Таганрог;Легкая промышленность Хозяйственные изделия;;
ТД АМРИТА ГРУПП объявляет тендер Штрипс;Частное объявление;не указано;22.02.2021;Ростовская область Южный ФО Таганрог;Металлы металлоизделия Металлоизделия и металлоконструкции;;
ТД АМРИТА ГРУПП объявляет тендер Балка двутавр;Частное объявление;не указано;22.02.2021;Ростовская область Южный ФО Таганрог;Металлы металлоизделия Металлоизделия и металлоконструкции;;
ТД АМРИТА ГРУПП объявляет тендер Балка двутавр;Частное объявление;не указано;20.02.2021;Ростовская область Южный ФО Таганрог;Металлы металлоизделия Металлоизделия и металлоконструкции;;
ТД АМРИТА ГРУПП объявляет тендер Штрипс;Частное объявление;не указано;20.02.2021;Ростовская область Южный ФО Таганрог;Металлы металлоизделия Металлоизделия и металлоконструкции;;
ооо ТагАрм объявляет тендер Арматура;Частное объявление;не указано;19.02.2021;Ростовская область Южный ФО Таганрог;Металлы металлоизделия Металлоизделия и металлоконструкции;;
ТД АМРИТА ГРУПП объявляет тендер Штрипс;Частное объявление;не указано;15.02.2021;Ростовская область Южный ФО Таганрог;Металлы металлоизделия Металлоизделия и металлоконструкции;;
СтальЭкспорт объявляет тендер Трубы стальные эс;Частное объявление;не указано;15.02.2021;Ростовская область Южный ФО Таганрог;Металлы металлоизделия Металлоизделия и металлоконструкции;;
ТД АМРИТА ГРУПП объявляет тендер Балка двутавр;Частное объявление;не указано;15.02.2021;Ростовская область Южный ФО Таганрог;Металлы металлоизделия Металлоизделия и металлоконструкции;;
Ассоциация МСОПАУ Ассоциация Московская саморегулируемая организация профессиональных арбитражных управляющих объявляет тендер Продажа имущества должника Дополнительная информация о предмете торгов звонить с до по московскому времени;Публичное предложение;2448900;03.05.2021;Ростовская область Южный ФО Таганрог;Бизнес финансы страхование маркетинг и реклама Банковское дело;;
Союз СРО ГАУ Союз Саморегулируемая организация Гильдия арбитражных управляющих объявляет тендер Продажа имущества должника Полуприцеп бортовой с платформой ШМИТЦ КАРГОБУЛЛ г в гос регистр знак СВ Полуприцеп бортовой с платформой ШМИТЦ КАРГОБУЛЛ г в гос регистр знак СВ;Публичное предложение;1071000;10.03.2021;Ростовская область Южный ФО Таганрог;Машиностроение;;
Ассоциация Саморегулируемая организация арбитражных управляющих Меркурий объявляет тендер Продажа имущества должника Жилой дом назначение жилое этажность общей площадью кв м расположенный по адресу Ростовская обл Неклиновский район с Ивановка ул Мира с кадастровым номером Нежилое здание сарай этажность общая площадь кв м расположенный по адресу Россия Ростовская обл Неклиновский район с Ивановка ул Мира с кадастровым номером Земельный участок категория земель Земли населенных пунктов разрешенное использование Земли под домами индивидуальной жилой застройки площадь кв м расположенный по адресу Россия Ростовская обл Неклиновский район с Ивановка ул Мира с кадастровым номером Залог ПАО Сбербанк;Публичное предложение;236811;13.04.2021;Ростовская область Южный ФО Таганрог;Строительство недвижимость и архитектура Недвижимость;;
Реализация имущества должника Чендеш И М Лот Лот;Публичное предложение;585000;12.03.2021;Ростовская область Южный ФО Таганрог;Строительство недвижимость и архитектура Недвижимость;;
Реализация имущества должника Чендеш И М Лот Лот;Публичное предложение;540000;12.03.2021;Ростовская область Южный ФО Таганрог;Строительство недвижимость и архитектура Недвижимость;;
Ассоциация Межрегиональная саморегулируемая организация арбитражных управляющих объявляет тендер Продажа имущества должника Нежилое помещение общей площадью кв м расположенное по адресу Ростовская обл г Таганрог ул Заводская д кадастровый номер правообладатель МУП ЖКХ Северное на праве хозяйственного ведения Нежилое помещение Детский клуб Умелец литер п А комнаты а общей площадью кв м вход в подвал общей площадью кв м Литер а Сведения об имуществе осмотр имущества можно получить отправив запрос на и по тел и по адресу г Таганрог ул Бакинская А в рабочие дни с до а также на ЭТП в любое время;Публичное предложение;1093500;19.03.2021;Ростовская область Южный ФО Таганрог;Строительство недвижимость и архитектура Недвижимость;;
Ассоциация МСОПАУ Ассоциация Московская саморегулируемая организация профессиональных арбитражных управляющих объявляет тендер Продажа имущества должника Дополнительная информация о предмете торгов звонить с до по московскому времени;Публичное предложение;180000;23.03.2021;Ростовская область Южный ФО Таганрог;Строительство недвижимость и архитектура;;
Ассоциация МСОПАУ Ассоциация Московская саморегулируемая организация профессиональных арбитражных управляющих объявляет тендер Продажа имущества должника Дополнительная информация о предмете торгов звонить с до по московскому времени;Публичное предложение;887040;30.03.2021;Ростовская область Южный ФО Таганрог;Строительство недвижимость и архитектура;;
Ассоциация МСОПАУ Ассоциация Московская саморегулируемая организация профессиональных арбитражных управляющих объявляет тендер Продажа имущества должника Дополнительная информация о предмете торгов звонить с до по московскому времени;Публичное предложение;62550000;09.03.2021;Ростовская область Южный ФО Таганрог;Строительство недвижимость и архитектура;;
Союз СРО АУ СЗ Союз Саморегулируемая организация арбитражных управляющих Северо Запада объявляет тендер Продажа имущества должника Имущество принадлежащее ООО Компания Три Богатыря на праве собственности являющееся предметом залога ПАО Сбербанк России помещение назначение нежилое кад номер площадь кв м адрес Ростовская область г Таганрог ул Поляковское Шоссе д доля в праве общей долевой собственности на земельный участок категория земли населенных пунктов вид разрешенного использования в производственных целях кад номер площадь кв м вид права общая долевая собственность адрес Ростовская область г Таганрог ул Поляковское Шоссе;Публичное предложение;6068228;13.03.2021;Ростовская область Южный ФО Таганрог;Строительство недвижимость и архитектура;;
ООО Аукционная компания Актив объявляет тендер Продажа имущества должника Земельный участок кад кв м здания строения и сооружения Собственник ОАО Таганрогский кожевенный завод РО г Таганрог ул Конторская ИНН КПП ОГРН Состав Лота отчет об оценки во вложении на странице Документы в Информации о публичном предложении Земельный участок кад кв м здания строения и сооружения Собственник ОАО Таганрогский кожевенный завод РО г Таганрог ул Конторская ИНН КПП ОГРН Состав Лота отчет об оценки во вложении на странице Документы в Информации о публичном предложении Земельные участки с кад кв м кв м кв м здания строения и сооружения Собственник ОАО Таганрогский кожевенный завод РО г Таганрог ул Конторская ИНН КПП ОГРН Состав Лота отчет об оценки во вложении на странице Документы в Информации о публичном предложении;Публичное предложение;44643349;03.03.2021;Ростовская область Южный ФО Таганрог;Строительство недвижимость и архитектура Недвижимость;;
Союз СРО ГАУ Союз Саморегулируемая организация Гильдия арбитражных управляющих объявляет тендер Продажа имущества должника Полуприцеп ФЛИГЛ г в гос регистр знак СВ Полуприцеп ФЛИГЛ г в гос регистр знак СВ;Публичное предложение;900000;10.03.2021;Ростовская область Южный ФО Таганрог;Транспорт;;
АО БЕТА ИР объявляет тендер Поставка плат и при мников;Запрос цен;6323198;16.02.2021;Ростовская область Южный ФО Таганрог;компьютеры связь Радиосвязь;;
ООО КРИОГАЗ объявляет тендер Ремонт Газоанализаторов;Запрос цен;не указано;17.02.2021;Ростовская область Южный ФО Таганрог;Наука исследования образование Лабораторное оборудование и материалы;;
ОБЩЕСТВО С ОГРАНИЧЕННОЙ ОТВЕТСТВЕННОСТЬЮ КРИОГАЗ объявляет тендер Оказане услуг по проведению технического освидетельствования сосуов;Запрос цен;не указано;16.02.2021;Ростовская область Южный ФО Таганрог;Строительство недвижимость и архитектура Проектные работы геодезия картография инженерные изыскания кадастровые работы;;
ОБЩЕСТВО С ОГРАНИЧЕННОЙ ОТВЕТСТВЕННОСТЬЮ КРИОГАЗ объявляет тендер Масло турбинное и Марка;Запрос цен;не указано;18.02.2021;Ростовская область Южный ФО Таганрог;Топливо и энергетика Масла;;
ООО КРИОГАЗ объявляет тендер Масло турбинное и Марка;Запрос цен;не указано;18.02.2021;Ростовская область Южный ФО Таганрог;Топливо и энергетика Масла;;
ООО КРИОГАЗ объявляет тендер Оказане услуг по проведению технического освидетельствования сосуов;Запрос цен;не указано;16.02.2021;Ростовская область Южный ФО Таганрог;Транспорт Запчасти аксессуары услуги автосервиса;;
